{
  "version": "7",
  "dialect": "mysql",
  "entries": [
    {
      "idx": 0,
      "version": "5",
      "when": 1759533608242,
      "tag": "0000_naive_mulholland_black",
      "breakpoints": true
    },
    {
      "idx": 1,
      "version": "5",
      "when": 1759537678642,
      "tag": "0001_long_spacker_dave",
      "breakpoints": true
    },
    {
      "idx": 2,
      "version": "5",
      "when": 1759585540366,
      "tag": "0002_panoramic_senator_kelly",
      "breakpoints": true
    },
    {
      "idx": 3,
      "version": "5",
      "when": 1759592332237,
      "tag": "0003_hard_bucky",
      "breakpoints": true
    }
  ]
}